{
    "name": "root",
    "gauges": {
        "Penguin.Policy.Entropy.mean": {
            "value": 0.5623192191123962,
            "min": 0.5312427878379822,
            "max": 1.780747652053833,
            "count": 200
        },
        "Penguin.Policy.Entropy.sum": {
            "value": 3378.413818359375,
            "min": 1997.42041015625,
            "max": 10336.21875,
            "count": 200
        },
        "Penguin.Step.mean": {
            "value": 999964.0,
            "min": 4992.0,
            "max": 999964.0,
            "count": 200
        },
        "Penguin.Step.sum": {
            "value": 999964.0,
            "min": 4992.0,
            "max": 999964.0,
            "count": 200
        },
        "Penguin.Policy.ExtrinsicValueEstimate.mean": {
            "value": 2.1890056133270264,
            "min": -0.8581788539886475,
            "max": 2.2460310459136963,
            "count": 200
        },
        "Penguin.Policy.ExtrinsicValueEstimate.sum": {
            "value": 105.07227325439453,
            "min": -33.46897506713867,
            "max": 110.5610122680664,
            "count": 200
        },
        "Penguin.Losses.PolicyLoss.mean": {
            "value": 0.06940188198738421,
            "min": 0.05692266296116739,
            "max": 0.08442179103925203,
            "count": 200
        },
        "Penguin.Losses.PolicyLoss.sum": {
            "value": 0.20820564596215263,
            "min": 0.05993257521832776,
            "max": 0.23366399176302366,
            "count": 200
        },
        "Penguin.Losses.ValueLoss.mean": {
            "value": 0.13082545643879306,
            "min": 0.005645454666904183,
            "max": 0.13502398930076098,
            "count": 200
        },
        "Penguin.Losses.ValueLoss.sum": {
            "value": 0.3924763693163792,
            "min": 0.006943188940769889,
            "max": 0.40507196790228295,
            "count": 200
        },
        "Penguin.Policy.LearningRate.mean": {
            "value": 7.072997642666746e-07,
            "min": 7.072997642666746e-07,
            "max": 0.0002990784003072,
            "count": 200
        },
        "Penguin.Policy.LearningRate.sum": {
            "value": 2.121899292800024e-06,
            "min": 2.121899292800024e-06,
            "max": 0.0008303721232093,
            "count": 200
        },
        "Penguin.Policy.Epsilon.mean": {
            "value": 0.10023573333333334,
            "min": 0.10023573333333334,
            "max": 0.1996928,
            "count": 200
        },
        "Penguin.Policy.Epsilon.sum": {
            "value": 0.3007072,
            "min": 0.1937856,
            "max": 0.5767907,
            "count": 200
        },
        "Penguin.Policy.Beta.mean": {
            "value": 3.3549760000000257e-05,
            "min": 3.3549760000000257e-05,
            "max": 0.009969310720000001,
            "count": 200
        },
        "Penguin.Policy.Beta.sum": {
            "value": 0.00010064928000000077,
            "min": 0.00010064928000000077,
            "max": 0.027681390929999994,
            "count": 200
        },
        "Penguin.IsTraining.mean": {
            "value": 1.0,
            "min": 1.0,
            "max": 1.0,
            "count": 200
        },
        "Penguin.IsTraining.sum": {
            "value": 1.0,
            "min": 1.0,
            "max": 1.0,
            "count": 200
        },
        "Penguin.Environment.EpisodeLength.mean": {
            "value": 253.1904761904762,
            "min": 226.73684210526315,
            "max": 999.0,
            "count": 195
        },
        "Penguin.Environment.EpisodeLength.sum": {
            "value": 5317.0,
            "min": 709.0,
            "max": 7992.0,
            "count": 195
        },
        "Penguin.Environment.CumulativeReward.mean": {
            "value": 7.695832421905116,
            "min": -0.37499996554106474,
            "max": 7.769700822234154,
            "count": 196
        },
        "Penguin.Environment.CumulativeReward.sum": {
            "value": 146.2208160161972,
            "min": -2.999999724328518,
            "max": 185.87082183361053,
            "count": 196
        },
        "Penguin.Policy.ExtrinsicReward.mean": {
            "value": 7.695832421905116,
            "min": -0.37499996554106474,
            "max": 7.769700822234154,
            "count": 196
        },
        "Penguin.Policy.ExtrinsicReward.sum": {
            "value": 146.2208160161972,
            "min": -2.999999724328518,
            "max": 185.87082183361053,
            "count": 196
        }
    },
    "metadata": {
        "timer_format_version": "0.1.0",
        "start_time_seconds": "1742780512",
        "python_version": "3.10.12 (main, Jul  5 2023, 18:54:27) [GCC 11.2.0]",
        "command_line_arguments": "/home/benyamain/anaconda3/envs/mlagents/bin/mlagents-learn config/ppo/Penguin.yaml --force --run-id=Penguin_01",
        "mlagents_version": "1.1.0",
        "mlagents_envs_version": "1.1.0",
        "communication_protocol_version": "1.5.0",
        "pytorch_version": "2.2.2+cu121",
        "numpy_version": "1.23.5",
        "end_time_seconds": "1742783851"
    },
    "total": 3339.0250746469974,
    "count": 1,
    "self": 0.003548558001057245,
    "children": {
        "run_training.setup": {
            "total": 0.019039274004171602,
            "count": 1,
            "self": 0.019039274004171602
        },
        "TrainerController.start_learning": {
            "total": 3339.002486814992,
            "count": 1,
            "self": 2.4753346986108227,
            "children": {
                "TrainerController._reset_env": {
                    "total": 45.96846270700917,
                    "count": 1,
                    "self": 45.96846270700917
                },
                "TrainerController.advance": {
                    "total": 3290.5353772473754,
                    "count": 127710,
                    "self": 1.216470994069823,
                    "children": {
                        "env_step": {
                            "total": 3289.3189062533056,
                            "count": 127710,
                            "self": 3058.6596716184868,
                            "children": {
                                "SubprocessEnvManager._take_step": {
                                    "total": 229.42142694960057,
                                    "count": 127710,
                                    "self": 5.635813494751346,
                                    "children": {
                                        "TorchPolicy.evaluate": {
                                            "total": 223.78561345484923,
                                            "count": 125175,
                                            "self": 223.78561345484923
                                        }
                                    }
                                },
                                "workers": {
                                    "total": 1.2378076852182858,
                                    "count": 127710,
                                    "self": 0.0,
                                    "children": {
                                        "worker_root": {
                                            "total": 3336.235617532482,
                                            "count": 127710,
                                            "is_parallel": true,
                                            "self": 400.61865659336036,
                                            "children": {
                                                "run_training.setup": {
                                                    "total": 0.0,
                                                    "count": 0,
                                                    "is_parallel": true,
                                                    "self": 0.0,