{
    "name": "root",
    "gauges": {
        "Penguin.Policy.Entropy.mean": {
            "value": 0.6794936060905457,
            "min": 0.6794936060905457,
            "max": 1.7853819131851196,
            "count": 148
        },
        "Penguin.Policy.Entropy.sum": {
            "value": 2957.15625,
            "min": 2916.0205078125,
            "max": 12747.626953125,
            "count": 148
        },
        "Penguin.Step.mean": {
            "value": 739912.0,
            "min": 4992.0,
            "max": 739912.0,
            "count": 148
        },
        "Penguin.Step.sum": {
            "value": 739912.0,
            "min": 4992.0,
            "max": 739912.0,
            "count": 148
        },
        "Penguin.Policy.ExtrinsicValueEstimate.mean": {
            "value": 4.3162970542907715,
            "min": -0.12349101155996323,
            "max": 4.515408039093018,
            "count": 148
        },
        "Penguin.Policy.ExtrinsicValueEstimate.sum": {
            "value": 202.865966796875,
            "min": -5.063131332397461,
            "max": 227.61062622070312,
            "count": 148
        },
        "Penguin.Losses.PolicyLoss.mean": {
            "value": 0.07402567142950525,
            "min": 0.05734243794166319,
            "max": 0.08245441514950738,
            "count": 148
        },
        "Penguin.Losses.PolicyLoss.sum": {
            "value": 0.1480513428590105,
            "min": 0.07222636288725863,
            "max": 0.23356841642547532,
            "count": 148
        },
        "Penguin.Losses.ValueLoss.mean": {
            "value": 0.38239761969695485,
            "min": 0.004644789749882281,
            "max": 0.4132762921401878,
            "count": 148
        },
        "Penguin.Losses.ValueLoss.sum": {
            "value": 0.7647952393939097,
            "min": 0.00935049842432419,
            "max": 1.2398288764205634,
            "count": 148
        },
        "Penguin.Policy.LearningRate.mean": {
            "value": 7.857877380709999e-05,
            "min": 7.857877380709999e-05,
            "max": 0.0002990208003264,
            "count": 148
        },
        "Penguin.Policy.LearningRate.sum": {
            "value": 0.00015715754761419997,
            "min": 0.00015715754761419997,
            "max": 0.0008707896097368,
            "count": 148
        },
        "Penguin.Policy.Epsilon.mean": {
            "value": 0.1261929,
            "min": 0.1261929,
            "max": 0.1996736,
            "count": 148
        },
        "Penguin.Policy.Epsilon.sum": {
            "value": 0.2523858,
            "min": 0.18959290000000004,
            "max": 0.5902632,
            "count": 148
        },
        "Penguin.Policy.Beta.mean": {
            "value": 0.0026266707099999996,
            "min": 0.0026266707099999996,
            "max": 0.00996739264,
            "count": 148
        },
        "Penguin.Policy.Beta.sum": {
            "value": 0.005253341419999999,
            "min": 0.005253341419999999,
            "max": 0.029027293679999996,
            "count": 148
        },
        "Penguin.IsTraining.mean": {
            "value": 1.0,
            "min": 1.0,
            "max": 1.0,
            "count": 148
        },
        "Penguin.IsTraining.sum": {
            "value": 1.0,
            "min": 1.0,
            "max": 1.0,
            "count": 148
        },
        "Penguin.Environment.EpisodeLength.mean": {
            "value": 255.05263157894737,
            "min": 233.8,
            "max": 999.0,
            "count": 134
        },
        "Penguin.Environment.EpisodeLength.sum": {
            "value": 4846.0,
            "min": 748.0,
            "max": 16983.0,
            "count": 134
        },
        "Penguin.Environment.CumulativeReward.mean": {
            "value": 15.29991058508555,
            "min": -1.552646764937569,
            "max": 15.367999440147763,
            "count": 135
        },
        "Penguin.Environment.CumulativeReward.sum": {
            "value": 275.3983905315399,
            "min": -26.394995003938675,
            "max": 351.54318141937256,
            "count": 135
        },
        "Penguin.Policy.ExtrinsicReward.mean": {
            "value": 15.29991058508555,
            "min": -1.552646764937569,
            "max": 15.367999440147763,
            "count": 135
        },
        "Penguin.Policy.ExtrinsicReward.sum": {
            "value": 275.3983905315399,
            "min": -26.394995003938675,
            "max": 351.54318141937256,
            "count": 135
        }
    },
    "metadata": {
        "timer_format_version": "0.1.0",
        "start_time_seconds": "1742778660",
        "python_version": "3.10.12 (main, Jul  5 2023, 18:54:27) [GCC 11.2.0]",
        "command_line_arguments": "/home/benyamain/anaconda3/envs/mlagents/bin/mlagents-learn config/ppo/Penguin.yaml --force --run-id=Penguin_Energy_05",
        "mlagents_version": "1.1.0",
        "mlagents_envs_version": "1.1.0",
        "communication_protocol_version": "1.5.0",
        "pytorch_version": "2.2.2+cu121",
        "numpy_version": "1.23.5",
        "end_time_seconds": "1742780037"
    },
    "total": 1377.2525950470008,
    "count": 1,
    "self": 0.0027896710234927014,
    "children": {
        "run_training.setup": {
            "total": 0.01716666998981964,
            "count": 1,
            "self": 0.01716666998981964
        },
        "TrainerController.start_learning": {
            "total": 1377.2326387059875,
            "count": 1,
            "self": 0.9366666122514289,
            "children": {
                "TrainerController._reset_env": {
                    "total": 8.166095469001448,
                    "count": 1,
                    "self": 8.166095469001448
                },
                "TrainerController.advance": {
                    "total": 1368.0989818867383,
                    "count": 45449,
                    "self": 0.4334305976080941,
                    "children": {
                        "env_step": {
                            "total": 1367.6655512891302,
                            "count": 45449,
                            "self": 1261.0599999649858,
                            "children": {
                                "SubprocessEnvManager._take_step": {
                                    "total": 106.16173741382954,
                                    "count": 45449,
                                    "self": 2.353925898714806,
                                    "children": {
                                        "TorchPolicy.evaluate": {
                                            "total": 103.80781151511474,
                                            "count": 43787,
                                            "self": 103.80781151511474
                                        }
                                    }
                                },
                                "workers": {
                                    "total": 0.44381391031492967,
                                    "count": 45448,
                                    "self": 0.0,
                                    "children": {
                                        "worker_root": {
                                            "total": 1370.3575583698694,
                                            "count": 45448,
                                            "is_parallel": true,
                                            "self": 180.44640948560846,
                                            "children": {
                                                "run_training.setup": {
                                                    "total": 0.0,
                                                    "count": 0,
                                                    "is_parallel": true,
                                                    "self": 0.0,